column,available_at,note,n_distinct
address_type,intake,caller-supplied,4.0
agency,intake,routing decision,1.0
agency_name,intake,routing decision,1.0
bbl,intake,geocoder / parcel join,4421.0
borough,intake,from geocoder or caller,6.0
city,intake,caller-supplied,45.0
community_board,intake,from geocoder,76.0
complaint_type,intake,constant here,1.0
council_district,intake,geocoder,51.0
created_date,intake,when the report was filed,37703.0
cross_street_1,intake,caller-supplied or geocoded,3805.0
cross_street_2,intake,caller-supplied or geocoded,3576.0
descriptor,intake,constant here,1.0
facility_type,intake,constant here,1.0
incident_address,intake,caller-supplied or geocoded,7750.0
incident_zip,intake,caller-supplied or geocoded,204.0
intersection_street_1,intake,caller-supplied,2441.0
intersection_street_2,intake,caller-supplied,2608.0
latitude,intake,geocoder,12793.0
location,intake,geocoder GeoJSON point,
longitude,intake,geocoder,12793.0
open_data_channel_type,intake,"constant here (UNKNOWN, 100%)",1.0
park_borough,intake,routing,6.0
park_facility_name,intake,constant here,1.0
police_precinct,intake,from geocoder,78.0
street_name,intake,caller-supplied or geocoded,3133.0
unique_key,intake,record identifier,38801.0
x_coordinate_state_plane,intake,geocoder,11921.0
y_coordinate_state_plane,intake,geocoder,12030.0
closed_date,POST-OUTCOME,derived target — LEAKS,28765.0
resolution_action_updated_date,POST-OUTCOME,last back-office write — LEAKS,30294.0
resolution_description,POST-OUTCOME,defines the label — LEAKS,13.0
status,POST-OUTCOME,disposition — LEAKS,2.0
