borough,definition,n,median_h,ci_lo,ci_hi,rank
BRONX,A: naive (all status=Closed),4360,29.338472222222222,28.805940972222224,29.83111111111111,6
BRONX,B: repair-only (REPAIRED),3683,30.50722222222222,30.220833333333335,30.862222222222222,6
BROOKLYN,A: naive (all status=Closed),8485,22.00722222222222,21.88861111111111,22.151666666666667,3
BROOKLYN,B: repair-only (REPAIRED),7318,22.43263888888889,22.317489583333334,22.56041666666667,3
MANHATTAN,A: naive (all status=Closed),5089,20.680833333333332,20.488881944444444,20.889166666666668,2
MANHATTAN,B: repair-only (REPAIRED),4337,21.301944444444445,21.11277777777778,21.528055555555557,1
QUEENS,A: naive (all status=Closed),14150,20.060555555555556,19.87773611111111,20.275062499999997,1
QUEENS,B: repair-only (REPAIRED),9155,22.413888888888888,22.236666666666668,22.545555555555556,2
STATEN ISLAND,A: naive (all status=Closed),4315,27.333333333333332,26.966666666666665,27.666666666666668,4
STATEN ISLAND,B: repair-only (REPAIRED),3393,28.833333333333332,28.5125,29.583333333333332,4
Unspecified,A: naive (all status=Closed),119,27.8,19.679444444444446,29.666666666666668,5
Unspecified,B: repair-only (REPAIRED),87,29.166666666666668,26.666666666666668,43.02444444444444,5
