column,declared_type,observed_dtype,nonnull,missing_pct,n_distinct,example
bbl,text,object,5213,86.56,4421.0,3027560048
intersection_street_2,text,object,14908,61.58,2608.0,56 ROAD
intersection_street_1,text,object,14910,61.57,2441.0,48 STREET
y_coordinate_state_plane,number,object,20377,47.48,12030.0,203866
x_coordinate_state_plane,number,object,20377,47.48,11921.0,1006281
council_district,text,object,20377,47.48,51.0,30
longitude,number,object,20377,47.48,12793.0,-73.92051499056612
location,point,object(nested),20377,47.48,,"{'coordinates': [-73.920514990566, 40.726214"
latitude,number,object,20377,47.48,12793.0,40.72621434011151
cross_street_2,text,object,23890,38.43,3576.0,TROTTING COURSE LANE
cross_street_1,text,object,23894,38.42,3805.0,SELFRIDGE STREET
incident_address,text,object,24284,37.41,7750.0,METROPOLITAN AVENUE
street_name,text,object,24284,37.41,3133.0,METROPOLITAN AVENUE
closed_date,calendar_date,object,36537,5.83,28765.0,2024-01-01T01:24:43.000
incident_zip,text,object,37942,2.21,204.0,11375
city,text,object,37946,2.2,45.0,QUEENS
resolution_description,text,object,38801,0.0,13.0,The Department of Transportation determined 
unique_key,text,object,38801,0.0,38801.0,59888832
status,text,object,38801,0.0,2.0,Closed
address_type,text,object,38801,0.0,4.0,BLOCKFACE
resolution_action_updated_date,calendar_date,object,38801,0.0,30294.0,2024-01-01T01:24:43.000
police_precinct,text,object,38801,0.0,78.0,Precinct 112
park_facility_name,text,object,38801,0.0,1.0,Unspecified
agency,text,object,38801,0.0,1.0,DOT
open_data_channel_type,text,object,38801,0.0,1.0,UNKNOWN
facility_type,text,object,38801,0.0,1.0,N/A
descriptor,text,object,38801,0.0,1.0,Pothole
created_date,calendar_date,object,38801,0.0,37703.0,2024-01-01T01:24:43.000
complaint_type,text,object,38801,0.0,1.0,Street Condition
community_board,text,object,38801,0.0,76.0,06 QUEENS
borough,text,object,38801,0.0,6.0,QUEENS
agency_name,text,object,38801,0.0,1.0,Department of Transportation
park_borough,text,object,38801,0.0,6.0,QUEENS
